level,l1,l2,url
L1,Anti-Static,,https://www.uline.com/Cls_21/Anti-Static
L2,Anti-Static,Anti-Static Bubble,https://www.uline.com/Grp_136/Anti-Static-Bubble
L2,Anti-Static,Static Shielding Bags,https://www.uline.com/Grp_2/Static-Shielding-Bags
L2,Anti-Static,Anti-Static Shippers,https://www.uline.com/Grp_48/Anti-Static-Shippers
L2,Anti-Static,Anti-Static Poly Bags,https://www.uline.com/Grp_88/Anti-Static-Poly-Bags
L2,Anti-Static,Anti-Static Poly Tubing,https://www.uline.com/Grp_139/Anti-Static-Poly-Tubing
L2,Anti-Static,Anti-Static Foam,https://www.uline.com/Grp_143/Anti-Static-Foam
L2,Anti-Static,Anti-Static Tape,https://www.uline.com/Grp_365/Anti-Static-Tape
L2,Anti-Static,Anti-Static Gloves,https://www.uline.com/Grp_378/Anti-Static-Gloves
L2,Anti-Static,Anti-Static Mats,https://www.uline.com/Grp_394/Anti-Static-Mats
L2,Anti-Static,Anti-Static Equipment,https://www.uline.com/Grp_131/Anti-Static-Equipment
L2,Anti-Static,ESD Storage,https://www.uline.com/Grp_499/ESD-Storage
L1,"Bags, Poly / Plastic",,https://www.uline.com/Cls_01/Bags-Poly-Plastic
L2,"Bags, Poly / Plastic",Flat Poly Bags,https://www.uline.com/Grp_3/Flat-Poly-Bags
L2,"Bags, Poly / Plastic",Reclosable Poly Bags,https://www.uline.com/Grp_5/Reclosable-Poly-Bags
L2,"Bags, Poly / Plastic",Poly Tubing,https://www.uline.com/Grp_43/Poly-Tubing
L2,"Bags, Poly / Plastic",Gusseted Poly Bags,https://www.uline.com/Grp_4/Gusseted-Poly-Bags
L2,"Bags, Poly / Plastic",White Block Poly Bags,https://www.uline.com/Grp_187/White-Block-Poly-Bags
L2,"Bags, Poly / Plastic",Food Bags,https://www.uline.com/Grp_316/Food-Bags
L2,"Bags, Poly / Plastic",Bags on a Roll,https://www.uline.com/Grp_174/Bags-on-a-Roll
L2,"Bags, Poly / Plastic",Poly Bag Sealers,https://www.uline.com/Grp_46/Poly-Bag-Sealers
L2,"Bags, Poly / Plastic",Apparel Bags,https://www.uline.com/Grp_358/Apparel-Bags
L2,"Bags, Poly / Plastic",Pallet Covers,https://www.uline.com/Grp_126/Pallet-Covers
L2,"Bags, Poly / Plastic",Trash Liners,https://www.uline.com/Grp_118/Trash-Liners-Bags
L2,"Bags, Poly / Plastic",Burlap and Cloth Bags,https://www.uline.com/Grp_209/Burlap-and-Cloth-Bags
L2,"Bags, Poly / Plastic",Sandbags,https://www.uline.com/Grp_353/Sandbags
L2,"Bags, Poly / Plastic",Plastic Sheeting,https://www.uline.com/Grp_81/Plastic-Sheeting
L2,"Bags, Poly / Plastic",Furniture Bags,https://www.uline.com/Grp_359/Furniture-Bags
L2,"Bags, Poly / Plastic",Twist Ties,https://www.uline.com/Grp_64/Twist-Ties
L2,"Bags, Poly / Plastic",VCI Bags and Tubing,https://www.uline.com/Grp_89/VCI-Products
L1,Barcode Labels and Printers,,https://www.uline.com/Cls_26/Barcode-Labels-and-Printers
L2,Barcode Labels and Printers,Barcode Labels,https://www.uline.com/Grp_125/Barcode-Labels
L2,Barcode Labels and Printers,Zebra Desktop Barcode Printers,https://www.uline.com/Grp_281/Zebra-Desktop-Barcode-Printers
L2,Barcode Labels and Printers,Zebra Industrial Barcode Printers,https://www.uline.com/Grp_280/Zebra-Industrial-Barcode-Printers
L2,Barcode Labels and Printers,Barcode Ribbons,https://www.uline.com/Grp_86/Barcode-Ribbons
L2,Barcode Labels and Printers,Dymo Label Printers and Labels,https://www.uline.com/Grp_197/Dymo-Label-Printers-and-Labels
L2,Barcode Labels and Printers,Brother Label Makers and Tape,https://www.uline.com/Grp_422/Brother-Label-Makers-and-Tape
L2,Barcode Labels and Printers,Zebra Mobile Barcode Printers,https://www.uline.com/Grp_596/Zebra-Mobile-Printers
L2,Barcode Labels and Printers,Barcode Equipment,https://www.uline.com/Grp_186/Barcode-Equipment
L1,Bins and Totes,,https://www.uline.com/Cls_44/Bins-and-Totes
L2,Bins and Totes,Plastic Bins,https://www.uline.com/Grp_325/Plastic-Bins
L2,Bins and Totes,Storage Totes,https://www.uline.com/Grp_289/Totes-Plastic-Storage-Boxes
L2,Bins and Totes,Bin Organizers,https://www.uline.com/Grp_326/Bin-Organizers
L2,Bins and Totes,Corrugated Bins,https://www.uline.com/Grp_324/Corrugated-Bins
L2,Bins and Totes,Conductive Bins (ESD Storage),https://www.uline.com/Grp_499/ESD-Storage
L2,Bins and Totes,Sterilite Storage Boxes,https://www.uline.com/Grp_453/Sterilite-Storage-Boxes
L2,Bins and Totes,Stack and Nest Containers,https://www.uline.com/Grp_699/Stack-and-Nest-Containers
L2,Bins and Totes,Straight Wall Containers,https://www.uline.com/Grp_700/Straight-Wall-Containers
L2,Bins and Totes,Parts Cabinets,https://www.uline.com/Grp_523/Parts-Cabinets
L2,Bins and Totes,Food Storage (Kitchen Supplies),https://www.uline.com/Grp_307/Kitchen-Supplies
L2,Bins and Totes,Trays,https://www.uline.com/Grp_742/Trays
L2,Bins and Totes,Bulk Containers,https://www.uline.com/Grp_469/Bulk-Containers
L1,"Boxes, Corrugated",,https://www.uline.com/Cls_04/Boxes-Corrugated
L2,"Boxes, Corrugated",Corrugated Boxes,https://www.uline.com/Grp_9/Corrugated-Boxes
L2,"Boxes, Corrugated",Heavy Duty Boxes,https://www.uline.com/Grp_99/Heavy-Duty-Boxes
L2,"Boxes, Corrugated",Indestructo and Literature Mailers,https://www.uline.com/Grp_29/Indestructo-and-Literature-Mailers
L2,"Boxes, Corrugated",Bulk Cargo Boxes,https://www.uline.com/Grp_351/Bulk-Cargo
L2,"Boxes, Corrugated",Corrugated Pads,https://www.uline.com/Grp_38/Corrugated-Pads
L2,"Boxes, Corrugated",Easy-Fold Mailers,https://www.uline.com/Grp_27/Easy-Fold-Mailers
L2,"Boxes, Corrugated",Storage File Boxes,https://www.uline.com/Grp_116/Storage-File-Boxes
L2,"Boxes, Corrugated",Hazardous Materials Packaging,https://www.uline.com/Grp_90/Hazardous-Materials-Packaging
L2,"Boxes, Corrugated",Wine Shippers and Supplies,https://www.uline.com/Grp_237/Wine-Shippers-and-Supplies
L2,"Boxes, Corrugated",Insulated Shippers and Supplies,https://www.uline.com/Grp_93/Insulated-Shippers-and-Supplies
L2,"Boxes, Corrugated",Wood Crates,https://www.uline.com/Grp_408/Wood-Crates
L2,"Boxes, Corrugated",Retail Boxes,https://www.uline.com/Grp_97/Retail-Boxes
L1,Bubble Cushioning,,https://www.uline.com/Cls_17/Bubble-Cushioning
L2,Bubble Cushioning,Bubble Rolls,https://www.uline.com/Grp_10/Bubble-Rolls
L2,Bubble Cushioning,Bubble Bags,https://www.uline.com/Grp_135/Bubble-Bags
L2,Bubble Cushioning,Bubble Roll Dispenser Boxes,https://www.uline.com/Grp_138/Bubble-Roll-Dispenser-Boxes
L2,Bubble Cushioning,Anti-Static Bubble,https://www.uline.com/Grp_136/Anti-Static-Bubble
L2,Bubble Cushioning,Cushioning Dispensers,https://www.uline.com/Grp_591/Cushioning-Dispensers
L2,Bubble Cushioning,Self Seal Bubble Mailers,https://www.uline.com/Grp_26/Self-Seal-Bubble-Mailers
L1,Carts,,https://www.uline.com/Cls_37/Carts
L2,Carts,Utility Carts,https://www.uline.com/Grp_37/Utility-Carts
L2,Carts,Steel Carts,https://www.uline.com/Grp_507/Steel-Carts
L2,Carts,Wire Carts,https://www.uline.com/Grp_390/Wire-Carts
L2,Carts,Security Carts,https://www.uline.com/Grp_505/Security-Carts
L2,Carts,Stock Picking Carts,https://www.uline.com/Grp_506/Stock-Picking-Carts
L2,Carts,Mobile Wire Shelving,https://www.uline.com/Grp_701/Mobile-Wire-Shelving
L2,Carts,Media Carts,https://www.uline.com/Grp_508/Media-Carts
L2,Carts,Service Carts,https://www.uline.com/Grp_509/Service-Carts
L2,Carts,Tool Carts,https://www.uline.com/Grp_510/Tool-Carts
L2,Carts,Bin Carts,https://www.uline.com/Grp_511/Bin-Carts
L2,Carts,Platform Trucks,https://www.uline.com/Grp_322/Platform-Trucks
L2,Carts,Shopping Baskets and Carts,https://www.uline.com/Grp_374/Shopping-Baskets-and-Carts
L2,Carts,Luggage Carts,https://www.uline.com/Grp_512/Luggage-Carts
L1,Cleanroom Supplies,,https://www.uline.com/Cls_45/Cleanroom-Supplies
L2,Cleanroom Supplies,Cleanroom Wipes,https://www.uline.com/Grp_574/Cleanroom-Wipes
L2,Cleanroom Supplies,Cleanroom Gloves,https://www.uline.com/Grp_575/Cleanroom-Gloves
L1,Cushioning / Foam,,https://www.uline.com/Cls_05/Cushioning-Peanuts-and-Foam
L2,Cushioning / Foam,Peanuts and Dispensers,https://www.uline.com/Grp_41/Peanuts-and-Dispensers
L2,Cushioning / Foam,Kraft Paper,https://www.uline.com/Grp_40/Kraft-Paper
L2,Cushioning / Foam,Paper Cushioning,https://www.uline.com/Grp_39/Paper-Cushioning
L2,Cushioning / Foam,Newsprint Paper,https://www.uline.com/Grp_290/Newsprint-Paper
L2,Cushioning / Foam,Specialty Paper,https://www.uline.com/Grp_291/Specialty-Paper
L2,Cushioning / Foam,Air Pillows,https://www.uline.com/Grp_78/Air-Pillows
L2,Cushioning / Foam,Cutters and Dispensers,https://www.uline.com/Grp_405/Cutters-and-Dispensers
L2,Cushioning / Foam,VCI Products,https://www.uline.com/Grp_89/VCI-Products
L2,Cushioning / Foam,Dunnage Bags,https://www.uline.com/Grp_172/Dunnage-Bags
L2,Cushioning / Foam,Retail Cushioning,https://www.uline.com/Grp_212/Retail-Cushioning
L2,Cushioning / Foam,Foam Shippers,https://www.uline.com/Grp_235/Foam-Shippers
L2,Cushioning / Foam,Corner Protectors and Guards,https://www.uline.com/Grp_766/Corner-Protectors-and-Guards
L1,"Drums, Pails and Containers",,https://www.uline.com/Cls_31/Drums-Pails-and-Containers
L2,"Drums, Pails and Containers",Drums,https://www.uline.com/Grp_454/Drums
L2,"Drums, Pails and Containers",Pails,https://www.uline.com/Grp_456/Pails
L2,"Drums, Pails and Containers",Spill Containment,https://www.uline.com/Grp_412/Spill-Containment
L2,"Drums, Pails and Containers",IBC Tanks,https://www.uline.com/Grp_314/IBC-Tanks
L2,"Drums, Pails and Containers",Drum and Pail Liners,https://www.uline.com/Grp_323/Drum-and-Pail-Liners
L2,"Drums, Pails and Containers",Drum Pumps and Faucets,https://www.uline.com/Grp_328/Drum-Pumps-and-Faucets
L2,"Drums, Pails and Containers",Drum Dollies,https://www.uline.com/Grp_536/Drum-Dollies
L2,"Drums, Pails and Containers",Drum Handling,https://www.uline.com/Grp_455/Drum-Handling
L2,"Drums, Pails and Containers",Drum Covers and Lids,https://www.uline.com/Grp_533/Drum-Covers-and-Lids
L2,"Drums, Pails and Containers",Drum Heaters,https://www.uline.com/Grp_535/Drum-Heaters
L2,"Drums, Pails and Containers",Funnels,https://www.uline.com/Grp_486/Funnels
L2,"Drums, Pails and Containers",Pail Pumps,https://www.uline.com/Grp_534/Pail-Pumps
L2,"Drums, Pails and Containers",Drum Openers,https://www.uline.com/Grp_488/Drum-Openers
L1,Edge Protectors,,https://www.uline.com/Cls_19/Edge-Protectors
L2,Edge Protectors,Edge Protectors,https://www.uline.com/Grp_165/Edge-Protectors
L2,Edge Protectors,Dunnage Bags,https://www.uline.com/Grp_172/Dunnage-Bags
L1,Facilities Maintenance,,https://www.uline.com/Cls_29/Facilities-Maintenance
L2,Facilities Maintenance,Trash Liners,https://www.uline.com/Grp_118/Trash-Liners-Bags
L2,Facilities Maintenance,Outdoor Furniture and Equipment,https://www.uline.com/Grp_349/Outdoor-Furniture-and-Equipment
L2,Facilities Maintenance,Trash Cans,https://www.uline.com/Grp_220/Trash-Cans
L2,Facilities Maintenance,Recycling Containers,https://www.uline.com/Grp_429/Recycling-Containers
L2,Facilities Maintenance,Tilt Trucks,https://www.uline.com/Grp_397/Tilt-Trucks
L2,Facilities Maintenance,Smokers Receptacles,https://www.uline.com/Grp_286/Smokers-Receptacles
L2,Facilities Maintenance,Ladders,https://www.uline.com/Grp_266/Ladders
L2,Facilities Maintenance,Lighting and Electrical,https://www.uline.com/Grp_743/Lighting-and-Electrical
L2,Facilities Maintenance,Warehouse Signs,https://www.uline.com/Grp_148/Warehouse-Signs
L2,Facilities Maintenance,Grounds Maintenance,https://www.uline.com/Grp_124/Grounds-Maintenance
L2,Facilities Maintenance,Batteries,https://www.uline.com/Grp_380/Batteries
L2,Facilities Maintenance,Fire Protection,https://www.uline.com/Grp_232/Fire-Protection
L2,Facilities Maintenance,Folding Tables and Chairs,https://www.uline.com/Grp_352/Folding-Tables-and-Chairs
L1,Fans and HVAC,,https://www.uline.com/Cls_46/Fans-and-HVAC
L2,Fans and HVAC,Warehouse Fans,https://www.uline.com/Grp_593/Warehouse-Fans
L2,Fans and HVAC,Heaters,https://www.uline.com/Grp_595/Heaters
L2,Fans and HVAC,Evaporative Coolers,https://www.uline.com/Grp_696/Evaporative-Coolers
L2,Fans and HVAC,Air Filters,https://www.uline.com/Grp_762/Air-Filters
L2,Fans and HVAC,Air Conditioners,https://www.uline.com/Grp_761/Air-Conditioners
L2,Fans and HVAC,Dehumidifiers,https://www.uline.com/Grp_763/Dehumidifiers
L2,Fans and HVAC,3M Foil Tape,https://www.uline.com/Grp_631/3M-Foil-Tape
L1,Food Service and Packaging,,https://www.uline.com/Cls_35/Food-Service-and-Packaging
L2,Food Service and Packaging,Food Bags,https://www.uline.com/Grp_316/Food-Bags
L2,Food Service and Packaging,Take-Out Containers,https://www.uline.com/Grp_413/Take-Out-Containers
L2,Food Service and Packaging,Kitchen Supplies,https://www.uline.com/Grp_307/Kitchen-Supplies
L2,Food Service and Packaging,Bakery Supplies,https://www.uline.com/Grp_410/Bakery-Supplies
L2,Food Service and Packaging,Food Prep,https://www.uline.com/Grp_684/Food-Prep
L2,Food Service and Packaging,Take-Out Bags,https://www.uline.com/Grp_449/Take-Out-Bags
L2,Food Service and Packaging,Table Service,https://www.uline.com/Grp_411/Table-Service
L2,Food Service and Packaging,Breakroom Supplies,https://www.uline.com/Grp_114/Breakroom-Supplies
L2,Food Service and Packaging,Coffee and Coffee Supplies,https://www.uline.com/Grp_319/Coffee-and-Coffee-Supplies
L2,Food Service and Packaging,Appliances,https://www.uline.com/Grp_753/Appliances
L2,Food Service and Packaging,Beverage Equipment,https://www.uline.com/Grp_755/Beverage-Equipment
L2,Food Service and Packaging,Ice Transport,https://www.uline.com/Grp_721/Ice-Transport
L2,Food Service and Packaging,Food Pan Carriers,https://www.uline.com/Grp_722/Food-Pan-Carriers
L1,Gloves,,https://www.uline.com/Cls_30/Gloves
L2,Gloves,Nitrile Gloves,https://www.uline.com/Grp_366/Nitrile-Gloves
L2,Gloves,Latex Gloves,https://www.uline.com/Grp_100/Latex-Gloves
L2,Gloves,Cut Resistant Gloves,https://www.uline.com/Grp_340/Cut-Resistant-Gloves
L2,Gloves,Performance Gloves,https://www.uline.com/Grp_376/Performance-Gloves
L2,Gloves,Warehouse Gloves,https://www.uline.com/Grp_248/Warehouse-Gloves
L2,Gloves,Leather Gloves,https://www.uline.com/Grp_375/Leather-Gloves
L2,Gloves,Chemical Resistant Gloves,https://www.uline.com/Grp_368/Chemical-Resistant-Gloves
L2,Gloves,Cold Weather Gloves,https://www.uline.com/Grp_193/Cold-Weather-Gloves
L2,Gloves,Food Service Gloves,https://www.uline.com/Grp_367/Food-Service-Gloves
L2,Gloves,Inspection Gloves,https://www.uline.com/Grp_439/Inspection-Gloves
L2,Gloves,Heat Resistant Gloves,https://www.uline.com/Grp_341/Heat-Resistant-Gloves
L2,Gloves,Lifting Gloves,https://www.uline.com/Grp_377/Lifting-Gloves
L1,Janitorial Supplies,,https://www.uline.com/Cls_08/Janitorial-Supplies
L2,Janitorial Supplies,Paper Towels and Dispensers,https://www.uline.com/Grp_23/Paper-Towels-and-Dispensers
L2,Janitorial Supplies,Toilet Paper and Dispensers,https://www.uline.com/Grp_204/Toilet-Paper-and-Dispensers
L2,Janitorial Supplies,Hand Soaps and Dispensers,https://www.uline.com/Grp_393/Hand-Soaps-and-Dispensers
L2,Janitorial Supplies,Vacuums / Floor Cleaners,https://www.uline.com/Grp_284/Vacuums-Floor-Cleaners
L2,Janitorial Supplies,Brooms and Brushes,https://www.uline.com/Grp_285/Brooms-and-Brushes
L2,Janitorial Supplies,Mops and Squeegees,https://www.uline.com/Grp_123/Mops-and-Squeegees
L2,Janitorial Supplies,Wipers,https://www.uline.com/Grp_206/Wipers
L2,Janitorial Supplies,Rags and Towels,https://www.uline.com/Grp_391/Rags-and-Towels
L2,Janitorial Supplies,Bathroom Supplies,https://www.uline.com/Grp_203/Bathroom-Supplies
L2,Janitorial Supplies,Buckets and Floor Signs,https://www.uline.com/Grp_548/Buckets-and-Floor-Signs
L2,Janitorial Supplies,Breakroom Supplies,https://www.uline.com/Grp_114/Breakroom-Supplies
L1,"Jars, Jugs and Bottles",,https://www.uline.com/Cls_33/Jars-Jugs-and-Bottles
L2,"Jars, Jugs and Bottles",Jars,https://www.uline.com/Grp_287/Jars
L2,"Jars, Jugs and Bottles",Jugs,https://www.uline.com/Grp_293/Jugs
L2,"Jars, Jugs and Bottles",Bottles,https://www.uline.com/Grp_302/Bottles
L2,"Jars, Jugs and Bottles",Glass Canning Jars,https://www.uline.com/Grp_552/Glass-Canning-Jars
L2,"Jars, Jugs and Bottles",Labware,https://www.uline.com/Grp_644/Labware
L2,"Jars, Jugs and Bottles",Replacement Caps,https://www.uline.com/Grp_317/Replacement-Caps
L2,"Jars, Jugs and Bottles",Spray Bottles and Nozzles,https://www.uline.com/Grp_427/Spray-Bottles-and-Nozzles
L2,"Jars, Jugs and Bottles",Shrink Bands,https://www.uline.com/Grp_279/Shrink-Bands
L1,Labels,,https://www.uline.com/Cls_13/Labels
L2,Labels,Laser Labels,https://www.uline.com/Grp_107/Laser-Labels
L2,Labels,Shipping and Handling Labels,https://www.uline.com/Grp_25/Shipping-and-Handling-Labels
L2,Labels,Inventory Labels,https://www.uline.com/Grp_106/Inventory-Labels
L2,Labels,Regulated and DOT Labels,https://www.uline.com/Grp_80/Regulated-and-DOT-Labels
L2,Labels,Retail Marking Guns,https://www.uline.com/Grp_98/Retail-Marking-Guns
L2,Labels,Warehouse Labels,https://www.uline.com/Grp_119/Warehouse-Labels
L2,Labels,Label Dispensers,https://www.uline.com/Grp_12/Label-Dispensers
L2,Labels,Pinfeed Labels,https://www.uline.com/Grp_133/Pinfeed-Labels
L2,Labels,International Labels and Placards,https://www.uline.com/Grp_345/International-Labels-and-Placards
L2,Labels,Shipping Forms,https://www.uline.com/Grp_142/Shipping-Forms
L2,Labels,CD / DVD Labels and Inserts,https://www.uline.com/Grp_207/CD-DVD-Labels-and-Inserts
L1,Mailers and Envelopes,,https://www.uline.com/Cls_11/Mailers-and-Envelopes
L2,Mailers and Envelopes,Self Seal Bubble Mailers,https://www.uline.com/Grp_26/Self-Seal-Bubble-Mailers
L2,Mailers and Envelopes,Poly Mailers,https://www.uline.com/Grp_191/Poly-Mailers
L2,Mailers and Envelopes,Indestructo and Literature Mailers,https://www.uline.com/Grp_29/Indestructo-and-Literature-Mailers
L2,Mailers and Envelopes,Stayflats Mailers,https://www.uline.com/Grp_34/Stayflats-Mailers
L2,Mailers and Envelopes,Padded Mailers,https://www.uline.com/Grp_31/Padded-Mailers
L2,Mailers and Envelopes,Recyclable Mailers,https://www.uline.com/Grp_674/Recyclable-Mailers
L2,Mailers and Envelopes,Paper / Office Envelopes,https://www.uline.com/Grp_32/Paper-Office-Envelopes
L2,Mailers and Envelopes,Glamour Mailers,https://www.uline.com/Grp_188/Glamour-Mailers
L2,Mailers and Envelopes,Rigid Mailers,https://www.uline.com/Grp_33/Rigid-Mailers
L2,Mailers and Envelopes,Easy-Fold Mailers,https://www.uline.com/Grp_27/Easy-Fold-Mailers
L2,Mailers and Envelopes,Retail Boxes,https://www.uline.com/Grp_97/Retail-Boxes
L2,Mailers and Envelopes,Tyvek Envelopes,https://www.uline.com/Grp_190/Tyvek-Envelopes
L1,Markers / Stencils,,https://www.uline.com/Cls_12/Markers-Stencils
L2,Markers / Stencils,Markers,https://www.uline.com/Grp_35/Markers
L2,Markers / Stencils,Pens,https://www.uline.com/Grp_409/Pens
L2,Markers / Stencils,Stencils and Supplies,https://www.uline.com/Grp_54/Stencils-and-Supplies
L2,Markers / Stencils,Pallet Markers,https://www.uline.com/Grp_304/Pallet-Markers
L2,Markers / Stencils,Paint Markers,https://www.uline.com/Grp_305/Paint-Markers
L2,Markers / Stencils,Erasable Markers,https://www.uline.com/Grp_306/Erasable-Markers
L2,Markers / Stencils,Pencils,https://www.uline.com/Grp_645/Pencils
L2,Markers / Stencils,Stamps,https://www.uline.com/Grp_416/Stamps
L1,Material Handling,,https://www.uline.com/Cls_07/Material-Handling
L2,Material Handling,Pallets,https://www.uline.com/Grp_147/Pallets
L2,Material Handling,Pallet Trucks,https://www.uline.com/Grp_260/Pallet-Trucks
L2,Material Handling,Bulk Containers,https://www.uline.com/Grp_469/Bulk-Containers
L2,Material Handling,Hand Trucks,https://www.uline.com/Grp_282/Hand-Trucks
L2,Material Handling,Stackers and Positioners,https://www.uline.com/Grp_468/Stackers-and-Positioners
L2,Material Handling,Lift Tables,https://www.uline.com/Grp_333/Lift-Tables
L2,Material Handling,Platform Trucks,https://www.uline.com/Grp_322/Platform-Trucks
L2,Material Handling,Bulk Trucks,https://www.uline.com/Grp_438/Bulk-Trucks
L2,Material Handling,Dumping Hoppers,https://www.uline.com/Grp_503/Dumping-Hoppers
L2,Material Handling,Panel Trucks,https://www.uline.com/Grp_466/Panel-Trucks
L2,Material Handling,Dollies,https://www.uline.com/Grp_437/Dollies
L2,Material Handling,Tilt Trucks,https://www.uline.com/Grp_397/Tilt-Trucks
L2,Material Handling,Casters and Wheels,https://www.uline.com/Grp_463/Casters-and-Wheels
L2,Material Handling,Bar and Sheet Storage Racks,https://www.uline.com/Grp_485/Bar-and-Sheet-Storage-Racks
L1,Mats,,https://www.uline.com/Cls_36/Mats
L2,Mats,Anti-Fatigue Mats,https://www.uline.com/Grp_36/Anti-Fatigue-Mats
L2,Mats,Carpet Mats,https://www.uline.com/Grp_489/Carpet-Mats
L2,Mats,Drainage Mats,https://www.uline.com/Grp_490/Drainage-Mats
L2,Mats,Chair Mats,https://www.uline.com/Grp_528/Chair-Mats
L2,Mats,Outdoor Mats,https://www.uline.com/Grp_491/Outdoor-Mats
L2,Mats,Gym Mats,https://www.uline.com/Grp_527/Gym-Mats
L2,Mats,Special Use Mats,https://www.uline.com/Grp_492/Special-Use-Mats
L2,Mats,Commercial Flooring,https://www.uline.com/Grp_736/Commercial-Flooring
L2,Mats,Floor Protection,https://www.uline.com/Grp_768/Floor-Protection
L2,Mats,Retail Mats,https://www.uline.com/Grp_500/Retail-Mats
L2,Mats,Cleanroom Mats,https://www.uline.com/Grp_767/Cleanroom-Mats
L2,Mats,Anti-Static Mats,https://www.uline.com/Grp_394/Anti-Static-Mats
L2,Mats,Shoe / Boot Scrapers,https://www.uline.com/Grp_639/Shoe-Boot-Scrapers
L1,Office Furniture,,https://www.uline.com/Cls_40/Office-Furniture
L2,Office Furniture,Office Chairs,https://www.uline.com/Grp_275/Office-Chairs
L2,Office Furniture,Office Desks,https://www.uline.com/Grp_270/Office-Desks
L2,Office Furniture,Office Tables,https://www.uline.com/Grp_605/Office-Tables
L2,Office Furniture,Reception and Guest Chairs,https://www.uline.com/Grp_589/Reception-and-Guest-Chairs
L2,Office Furniture,Mobile Training Tables,https://www.uline.com/Grp_650/Mobile-Training-Tables
L2,Office Furniture,Cafe Tables,https://www.uline.com/Grp_641/Cafe-Tables
L2,Office Furniture,Office Workstations,https://www.uline.com/Grp_773/Office-Workstations
L2,Office Furniture,Office Storage,https://www.uline.com/Grp_159/Office-Storage
L2,Office Furniture,Partitions,https://www.uline.com/Grp_588/Partitions
L2,Office Furniture,Audio / Visual Equipment,https://www.uline.com/Grp_587/Audio-Visual-Equipment
L2,Office Furniture,Folding Tables and Chairs,https://www.uline.com/Grp_352/Folding-Tables-and-Chairs
L2,Office Furniture,Mailroom,https://www.uline.com/Grp_606/Mailroom
L2,Office Furniture,Portable Stages,https://www.uline.com/Grp_642/Portable-Stages
L1,Office Supplies,,https://www.uline.com/Cls_24/Office-Supplies
L2,Office Supplies,Boards and Easels,https://www.uline.com/Grp_265/Boards-Easels
L2,Office Supplies,Markers and Pens (Markers/Stencils),https://www.uline.com/Cls_12/Markers-Stencils
L2,Office Supplies,Desk Supplies,https://www.uline.com/Grp_388/Desk-Supplies
L2,Office Supplies,Foam Core Boards,https://www.uline.com/Grp_398/Foam-Core-Boards
L2,Office Supplies,Electronic Cleaners,https://www.uline.com/Grp_590/Electronic-Cleaners
L2,Office Supplies,Laminating Machines and Supplies,https://www.uline.com/Grp_130/Laminating-Machines-and-Supplies
L2,Office Supplies,Binding Machines and Supplies,https://www.uline.com/Grp_?/Binding-Machines-and-Supplies
L2,Office Supplies,Wire Mesh Desk Accessories,https://www.uline.com/Grp_750/Wire-Mesh-Desk-Accessories
L2,Office Supplies,Clipboards,https://www.uline.com/Grp_268/Clipboards
L2,Office Supplies,Folders,https://www.uline.com/Grp_53/Folders
L2,Office Supplies,Post-it Notes,https://www.uline.com/Grp_484/Post-it-Notes
L2,Office Supplies,Badges and ID Cards,https://www.uline.com/Grp_252/Badges-and-ID-Cards
L2,Office Supplies,Scissors and Trimmers,https://www.uline.com/Grp_406/Scissors-and-Trimmers
L2,Office Supplies,Paper Shredders,https://www.uline.com/Grp_?/Paper-Shredders
L2,Office Supplies,Audio / Visual Equipment,https://www.uline.com/Grp_587/Audio-Visual-Equipment
L1,Personal Protective Equipment,,https://www.uline.com/Cls_38/Personal-Protective-Equipment
L2,Personal Protective Equipment,Disposable Clothing,https://www.uline.com/Grp_228/Disposable-Clothing
L2,Personal Protective Equipment,High Visibility Vests,https://www.uline.com/Grp_702/High-Visibility-Vests
L2,Personal Protective Equipment,Foot Protection,https://www.uline.com/Grp_515/Foot-Protection
L2,Personal Protective Equipment,Fall Protection,https://www.uline.com/Grp_229/Fall-Protection
L2,Personal Protective Equipment,Head Protection,https://www.uline.com/Grp_516/Head-Protection
L2,Personal Protective Equipment,Work Wear,https://www.uline.com/Grp_517/Work-Wear
L2,Personal Protective Equipment,Back Support Belts,https://www.uline.com/Grp_6/Back-Support-Belts
L2,Personal Protective Equipment,High Visibility Clothing,https://www.uline.com/Grp_477/High-Visibility-Clothing
L2,Personal Protective Equipment,Rainwear,https://www.uline.com/Grp_471/Rainwear
L2,Personal Protective Equipment,Cooling Products,https://www.uline.com/Grp_434/Cooling-Products
L2,Personal Protective Equipment,Safety Glasses,https://www.uline.com/Grp_208/Safety-Glasses
L2,Personal Protective Equipment,Hard Hats,https://www.uline.com/Grp_259/Hard-Hats
L2,Personal Protective Equipment,Disposable Masks,https://www.uline.com/Grp_230/Disposable-Masks
L1,Retail Packaging,,https://www.uline.com/Cls_22/Retail-Packaging
L2,Retail Packaging,Paper Shopping Bags,https://www.uline.com/Grp_95/Paper-Shopping-Bags
L2,Retail Packaging,Retail Boxes,https://www.uline.com/Grp_97/Retail-Boxes
L2,Retail Packaging,Plastic Shopping Bags,https://www.uline.com/Grp_96/Plastic-Shopping-Bags
L2,Retail Packaging,Retail Cushioning,https://www.uline.com/Grp_212/Retail-Cushioning
L2,Retail Packaging,Clothing Racks and Accessories,https://www.uline.com/Grp_474/Clothing-Racks-and-Accessories
L2,Retail Packaging,Gift Wrap and Supplies,https://www.uline.com/Grp_199/Gift-Wrap-and-Supplies
L2,Retail Packaging,Fabric Bags,https://www.uline.com/Grp_218/Fabric-Bags
L2,Retail Packaging,Reusable Shopping Bags,https://www.uline.com/Grp_708/Reusable-Shopping-Bags
L2,Retail Packaging,High Clarity Polypropylene,https://www.uline.com/Grp_201/High-Clarity-Polypropylene
L2,Retail Packaging,Jewelry Boxes and Displays,https://www.uline.com/Grp_472/Jewelry-Boxes-and-Displays
L2,Retail Packaging,Retail Marking Guns,https://www.uline.com/Grp_98/Retail-Marking-Guns
L2,Retail Packaging,Glamour Mailers,https://www.uline.com/Grp_188/Glamour-Mailers
L1,Safety Products,,https://www.uline.com/Cls_18/Safety-Products
L2,Safety Products,Safety Glasses,https://www.uline.com/Grp_208/Safety-Glasses
L2,Safety Products,Disposable Masks,https://www.uline.com/Grp_230/Disposable-Masks
L2,Safety Products,First Aid,https://www.uline.com/Grp_117/First-Aid
L2,Safety Products,Hearing Protection,https://www.uline.com/Grp_716/Hearing-Protection
L2,Safety Products,Reusable Respirators,https://www.uline.com/Grp_521/Reusable-Respirators
L2,Safety Products,Eyewash Stations and Supplies,https://www.uline.com/Grp_231/Eyewash-Stations-and-Supplies
L2,Safety Products,High Visibility Vests,https://www.uline.com/Grp_702/High-Visibility-Vests
L2,Safety Products,Fire Protection,https://www.uline.com/Grp_232/Fire-Protection
L2,Safety Products,Lockout / Tagout,https://www.uline.com/Grp_465/Lockout-Tagout
L2,Safety Products,Traffic Safety,https://www.uline.com/Grp_20/Traffic-Safety
L2,Safety Products,Parking Lot Safety,https://www.uline.com/Grp_256/Parking-Lot-Safety
L2,Safety Products,Hard Hats,https://www.uline.com/Grp_259/Hard-Hats
L2,Safety Products,Fall Protection,https://www.uline.com/Grp_229/Fall-Protection
L1,Shelving and Storage,,https://www.uline.com/Cls_32/Shelving-and-Storage
L2,Shelving and Storage,Industrial Wire Shelving,https://www.uline.com/Grp_263/Industrial-Wire-Shelving
L2,Shelving and Storage,Industrial Steel Shelving,https://www.uline.com/Grp_467/Industrial-Steel-Shelving
L2,Shelving and Storage,Pallet Racking,https://www.uline.com/Grp_597/Pallet-Racking
L2,Shelving and Storage,Storage Cabinets,https://www.uline.com/Grp_269/Storage-Cabinets
L2,Shelving and Storage,Safety Storage,https://www.uline.com/Grp_451/Safety-Storage
L2,Shelving and Storage,Lockers and Equipment,https://www.uline.com/Grp_440/Lockers-and-Equipment
L2,Shelving and Storage,Bin Organizers,https://www.uline.com/Grp_326/Bin-Organizers
L2,Shelving and Storage,Office Storage (File Cabinets and Bookcases),https://www.uline.com/Grp_159/Office-Storage
L2,Shelving and Storage,Gas Cylinder Storage,https://www.uline.com/Grp_733/Gas-Cylinder-Storage
L2,Shelving and Storage,Bar and Sheet Storage Racks,https://www.uline.com/Grp_485/Bar-and-Sheet-Storage-Racks
L2,Shelving and Storage,Reel Racks,https://www.uline.com/Grp_553/Reel-Racks
L2,Shelving and Storage,Plastic Shelving,https://www.uline.com/Grp_483/Plastic-Shelving
L1,Store Operations,,https://www.uline.com/Cls_34/Store-Operations
L2,Store Operations,Clothing Racks and Accessories,https://www.uline.com/Grp_474/Clothing-Racks-and-Accessories
L2,Store Operations,Crowd Control,https://www.uline.com/Grp_357/Crowd-Control
L2,Store Operations,Retail Signs,https://www.uline.com/Grp_496/Retail-Signs
L2,Store Operations,Slatwall,https://www.uline.com/Grp_68/Slatwall
L2,Store Operations,Gridwall,https://www.uline.com/Grp_372/Gridwall
L2,Store Operations,Gondola,https://www.uline.com/Grp_373/Gondola
L2,Store Operations,Uptown Mobile Displays,https://www.uline.com/Grp_749/Uptown-Mobile-Displays
L2,Store Operations,Display Fixtures,https://www.uline.com/Grp_166/Display-Fixtures
L2,Store Operations,Store Supplies,https://www.uline.com/Grp_217/Store-Supplies
L2,Store Operations,Retail Marking Guns,https://www.uline.com/Grp_98/Retail-Marking-Guns
L2,Store Operations,Literature Displays,https://www.uline.com/Grp_395/Literature-Displays
L2,Store Operations,Cash Handling,https://www.uline.com/Grp_360/Cash-Handling
L2,Store Operations,Retail Tags and Labels,https://www.uline.com/Grp_321/Retail-Tags-and-Labels
L1,Strapping,,https://www.uline.com/Cls_09/Strapping
L2,Strapping,Steel Strapping,https://www.uline.com/Grp_59/Steel-Strapping
L2,Strapping,Poly Strapping,https://www.uline.com/Grp_56/Poly-Strapping
L2,Strapping,Polyester Strapping,https://www.uline.com/Grp_57/Polyester-Strapping
L2,Strapping,Steel Strapping Tools,https://www.uline.com/Grp_72/Steel-Strapping-Tools
L2,Strapping,Poly Strapping Tools,https://www.uline.com/Grp_70/Poly-Strapping-Tools
L2,Strapping,Polyester Strapping Tools,https://www.uline.com/Grp_71/Polyester-Strapping-Tools
L2,Strapping,Strapping Seals and Buckles,https://www.uline.com/Grp_58/Strapping-Seals-and-Buckles
L2,Strapping,Strapping Carts,https://www.uline.com/Grp_55/Strapping-Carts
L2,Strapping,Poly Cord Strapping,https://www.uline.com/Grp_173/Poly-Cord-Strapping
L2,Strapping,Twine / Rope,https://www.uline.com/Grp_311/Twine-Rope
L2,Strapping,Pallet Bands,https://www.uline.com/Grp_387/Pallet-Bands
L1,Tags,,https://www.uline.com/Cls_25/Tags
L2,Tags,Colored Shipping Tags,https://www.uline.com/Grp_176/Colored-Shipping-Tags
L2,Tags,Tyvek Tags,https://www.uline.com/Grp_194/Tyvek-Tags
L2,Tags,Plastic Tags,https://www.uline.com/Grp_407/Plastic-Tags
L2,Tags,Inspection Tags,https://www.uline.com/Grp_178/Inspection-Tags
L2,Tags,Inventory Tags,https://www.uline.com/Grp_179/Inventory-Tags
L2,Tags,Metal Tags,https://www.uline.com/Grp_576/Metal-Tags
L2,Tags,Specialty Tags,https://www.uline.com/Grp_180/Specialty-Tags
L2,Tags,Retail Tags and Labels,https://www.uline.com/Grp_321/Retail-Tags-and-Labels
L2,Tags,Tag Fasteners,https://www.uline.com/Grp_182/Tag-Fasteners
L2,Tags,Tag Holders,https://www.uline.com/Grp_383/Tag-Holders
L2,Tags,Badges and ID Cards,https://www.uline.com/Grp_252/Badges-and-ID-Cards
L1,Tape,,https://www.uline.com/Cls_02/Tape
L2,Tape,Carton Sealing Tape,https://www.uline.com/Grp_168/Carton-Sealing-Tape
L2,Tape,Kraft Sealing Tape,https://www.uline.com/Grp_109/Kraft-Sealing-Tape
L2,Tape,Strapping Tape,https://www.uline.com/Grp_111/Strapping-Tape
L2,Tape,Masking Tape,https://www.uline.com/Grp_110/Masking-Tape
L2,Tape,Safety / Reflective Tape,https://www.uline.com/Grp_112/Safety-Reflective-Tape
L2,Tape,Machine Length Carton Sealing Tape,https://www.uline.com/Grp_169/Machine-Length-Carton-Sealing-Tape
L2,Tape,Security Tape,https://www.uline.com/Grp_224/Security-Tape
L2,Tape,Hand-Held Tape Dispensers,https://www.uline.com/Grp_16/Hand-Held-Tape-Dispensers
L2,Tape,Kraft Tape Dispensers,https://www.uline.com/Grp_128/Kraft-Tape-Dispensers
L2,Tape,Specialty Tape,https://www.uline.com/Grp_113/Specialty-Tape
L2,Tape,Duct Tape,https://www.uline.com/Grp_63/Duct-Tape
L2,Tape,Velcro Brand,https://www.uline.com/Grp_288/Velcro-Brand
L1,3M Tape,,https://www.uline.com/Cls_27/3M-Tape
L2,3M Tape,3M Carton Sealing Tape,https://www.uline.com/Grp_241/3M-Carton-Sealing-Tape
L2,3M Tape,3M VHB Tape,https://www.uline.com/Grp_240/3M-VHB-Tape
L2,3M Tape,3M Strapping Tape,https://www.uline.com/Grp_441/3M-Strapping-Tape
L2,3M Tape,3M Single-Sided Tape,https://www.uline.com/Grp_242/3M-Single-Sided-Tape
L2,3M Tape,3M Double-Sided Tape,https://www.uline.com/Grp_239/3M-Double-Sided-Tape
L2,3M Tape,3M Masking Tape,https://www.uline.com/Grp_444/3M-Masking-Tape
L2,3M Tape,3M Painters Masking Tape,https://www.uline.com/Grp_774/3M-Painters-Masking-Tape
L2,3M Tape,3M Safety / Reflective Tape,https://www.uline.com/Grp_633/3M-Safety-Reflective-Tape
L2,3M Tape,3M Specialty Tape,https://www.uline.com/Grp_243/3M-Specialty-Tape
L2,3M Tape,3M Electrical Tape,https://www.uline.com/Grp_447/3M-Electrical-Tape
L2,3M Tape,3M Adhesive Transfer Tape,https://www.uline.com/Grp_238/3M-Adhesive-Transfer-Tape
L1,Warehouse Equipment / Supplies,,https://www.uline.com/Cls_28/Warehouse-Equipment-Supplies
L2,Warehouse Equipment / Supplies,Safety Guards / Barriers,https://www.uline.com/Grp_350/Safety-Guards-Barriers
L2,Warehouse Equipment / Supplies,Dock and Trailer Equipment,https://www.uline.com/Grp_261/Dock-and-Trailer-Equipment
L2,Warehouse Equipment / Supplies,Vinyl Strip Door Kits,https://www.uline.com/Grp_676/Vinyl-Strip-Door-Kits
L2,Warehouse Equipment / Supplies,Dock Doors and Gates,https://www.uline.com/Grp_580/Dock-Doors-and-Gates
L2,Warehouse Equipment / Supplies,Safety Mirrors,https://www.uline.com/Grp_415/Safety-Mirrors
L2,Warehouse Equipment / Supplies,Stools,https://www.uline.com/Grp_276/Stools
L2,Warehouse Equipment / Supplies,Shop Desks,https://www.uline.com/Grp_538/Shop-Desks
L2,Warehouse Equipment / Supplies,Conveyors,https://www.uline.com/Grp_475/Conveyors
L2,Warehouse Equipment / Supplies,Forklift Attachments,https://www.uline.com/Grp_734/Forklift-Attachments
L2,Warehouse Equipment / Supplies,"Cranes, Hoists and Trolleys",https://www.uline.com/Grp_585/Cranes-Hoists-and-Trolleys
L2,Warehouse Equipment / Supplies,Fleet Maintenance,https://www.uline.com/Grp_758/Fleet-Maintenance
L2,Warehouse Equipment / Supplies,Lighting and Electrical,https://www.uline.com/Grp_743/Lighting-and-Electrical
L1,Workbenches / Packing Tables,,https://www.uline.com/Cls_41/Workbenches-and-Packing-Tables
L2,Workbenches / Packing Tables,Steel Workbenches,https://www.uline.com/Grp_537/Steel-Workbenches
L2,Workbenches / Packing Tables,Stainless Steel Workbenches,https://www.uline.com/Grp_558/Stainless-Steel-Workbenches
L2,Workbenches / Packing Tables,Packing Stations,https://www.uline.com/Grp_549/Packing-Stations
L2,Workbenches / Packing Tables,Deluxe Workstations,https://www.uline.com/Grp_539/Deluxe-Workstations
L2,Workbenches / Packing Tables,L-Shaped Workstations,https://www.uline.com/Grp_664/L-Shaped-Workstations
L2,Workbenches / Packing Tables,Cabinet Workstations,https://www.uline.com/Grp_666/Cabinet-Workstations
L2,Workbenches / Packing Tables,Electric Adjustable Height Workstations,https://www.uline.com/Grp_685/Electric-Adjustable-Height-Workstations
L2,Workbenches / Packing Tables,Deluxe Workbenches,https://www.uline.com/Grp_724/Deluxe-Workbenches
L2,Workbenches / Packing Tables,Modular Drawer Workbenches,https://www.uline.com/Grp_681/Modular-Drawer-Workbenches
L2,Workbenches / Packing Tables,Lab Workstations,https://www.uline.com/Grp_748/Lab-Workstations
L2,Workbenches / Packing Tables,Adjustable Height Workbenches,https://www.uline.com/Grp_604/Adjustable-Height-Workbenches
L1,Packing List Envelopes,,https://www.uline.com/Cls_14/Packing-List-Envelopes
L2,Packing List Envelopes,Packing List Enclosed Envelopes,https://www.uline.com/Grp_120/Packing-List-Enclosed-Envelopes
L2,Packing List Envelopes,Clear Packing List Envelopes,https://www.uline.com/Grp_42/Clear-Packing-List-Envelopes
L1,Tubes,,https://www.uline.com/Cls_15/Tubes
L2,Tubes,Clear Tubes,https://www.uline.com/Grp_569/Clear-Tubes
L2,Tubes,Quick Custom Tubes,https://www.uline.com/Grp_567/Quick-Custom-Tubes
L1,"CDs, DVDs and Media",,https://www.uline.com/Cls_20/CDs-DVDs-and-Media
L2,"CDs, DVDs and Media",CD Envelopes and Sleeves,https://www.uline.com/Grp_151/CD-Envelopes-and-Sleeves
L2,"CDs, DVDs and Media",CD Cases and Mailers,https://www.uline.com/Grp_87/CD-Cases-and-Mailers
L2,"CDs, DVDs and Media",DVD Cases and Mailers,https://www.uline.com/Grp_154/DVD-Cases-and-Mailers
L2,"CDs, DVDs and Media",CD / DVD Labels and Inserts,https://www.uline.com/Grp_207/CD-DVD-Labels-and-Inserts
L2,"CDs, DVDs and Media",Video Packaging,https://www.uline.com/Grp_155/Video-Packaging
L1,Cleaners,,https://www.uline.com/Cls_43/Cleaners
L2,Cleaners,All-Purpose Cleaners,https://www.uline.com/Grp_612/All-Purpose-Cleaners
L2,Cleaners,Disinfectants,https://www.uline.com/Grp_613/Disinfectants
L2,Cleaners,Glass Cleaners,https://www.uline.com/Grp_614/Glass-Cleaners
L2,Cleaners,Dish Soap and Detergent,https://www.uline.com/Grp_615/Dish-Soap-and-Detergent
L2,Cleaners,Laundry Detergent,https://www.uline.com/Grp_616/Laundry-Detergent
L2,Cleaners,Bathroom Cleaners,https://www.uline.com/Grp_617/Bathroom-Cleaners
L2,Cleaners,Degreasers,https://www.uline.com/Grp_618/Degreasers
L2,Cleaners,Specialty Cleaners,https://www.uline.com/Grp_619/Specialty-Cleaners
L2,Cleaners,Floor and Carpet Cleaners,https://www.uline.com/Grp_620/Floor-and-Carpet-Cleaners
L2,Cleaners,Stainless Steel Cleaners,https://www.uline.com/Grp_621/Stainless-Steel-Cleaners
L2,Cleaners,Automotive Cleaners,https://www.uline.com/Grp_703/Automotive-Cleaners
L1,Damage Indicators,,https://www.uline.com/Cls_10/Damage-Indicators
L1,Desiccants,,https://www.uline.com/Cls_39/Desiccants
L1,Scales,,https://www.uline.com/Cls_23/Scales
L2,Scales,Counting Scales,https://www.uline.com/Grp_45/Counting-Scales
L2,Scales,Shipping and Weighing Scales,https://www.uline.com/Grp_158/Shipping-and-Weighing-Scales
L2,Scales,Low Profile Floor Scales,https://www.uline.com/Grp_160/Low-Profile-Floor-Scales
L2,Scales,Platform Scales,https://www.uline.com/Grp_161/Platform-Scales
L2,Scales,Compact Bench Scales,https://www.uline.com/Grp_382/Compact-Bench-Scales
L2,Scales,Scale Accessories,https://www.uline.com/Grp_342/Scale-Accessories
L2,Scales,Food Scales,https://www.uline.com/Grp_663/Food-Scales
L1,Shipping Supplies,,https://www.uline.com/Cls_shipping/
