Retailer,Scope,L1,L2,L3,L4,L5,L6,Count,Level,Category ID,Count Source,Node Type,Sub-categories,Has Deeper Levels,Name Source,Found In,URL,Notes
Scheels,Backpacks & Bags,Accessories,,,,,,11676,1,accessories,"Scheels live, 25 Sep 2026",Department (parent of scope),4,No,Scheels site menu,Site menu,https://www.scheels.com/c/accessories,
Scheels,Backpacks & Bags,Accessories,Backpacks & Duffels,,,,,1165,2,accessories-backpacks-duffles,"Scheels live, 25 Sep 2026",Category,6,No,Scheels site menu,Site menu + category page,https://www.scheels.com/c/backpacks-and-duffel-bags,Scheels product taxonomy name: Backpacks & Duffel Bags (Accessories > Backpacks & Duffel Bags)
Scheels,Backpacks & Bags,Accessories,Backpacks & Duffels,Backpacks,,,,620,3,accessories-backpacks,"Scheels live, 25 Sep 2026",Category,0,No,Scheels site menu,Site menu + category page,https://www.scheels.com/c/backpacks,
Scheels,Backpacks & Bags,Accessories,Backpacks & Duffels,Duffels,,,,110,3,accessories-duffles,"Scheels live, 25 Sep 2026",Category,0,No,Scheels site menu,Site menu + category page,https://www.scheels.com/c/duffels,
Scheels,Backpacks & Bags,Accessories,Backpacks & Duffels,Lunch Bags,,,,37,3,accessories-lunch-bags,"Scheels live, 25 Sep 2026",Category,0,No,Scheels site menu,Site menu + category page,https://www.scheels.com/c/lunch-bags,
Scheels,Backpacks & Bags,Accessories,Backpacks & Duffels,Pack Accessories,,,,90,3,pack-accessories,"Scheels live, 25 Sep 2026",Category,0,No,Scheels product taxonomy,Product taxonomy (not in menu) + category page,https://www.scheels.com/c/pack-accessories,Live category page that the Scheels menu does not link to
Scheels,Backpacks & Bags,Accessories,Backpacks & Duffels,Sling & Sack Packs,,,,46,3,accessories-sling-drawstring-bags,"Scheels live, 25 Sep 2026",Category,0,No,Scheels site menu,Site menu + category page,https://www.scheels.com/c/sling-bags-and-drawstring-bags,Scheels product taxonomy name: Sling Bags & Drawstring Bags (Accessories > Backpacks & Duffel Bags > Sling Bags & Drawstring Bags)
Scheels,Backpacks & Bags,Accessories,Backpacks & Duffels,Tote Bags,,,,263,3,accessories-totes,"Scheels live, 25 Sep 2026",Category,0,No,Scheels product taxonomy,Product taxonomy (not in menu) + category page,https://www.scheels.com/c/tote-bags,Live category page that the Scheels menu does not link to
Scheels,Backpacks & Bags,Accessories,Belt Bags,,,,,109,2,accessories-lumbar-fanny-packs,"Scheels live, 25 Sep 2026",Category,0,No,Scheels site menu,Site menu + category page,https://www.scheels.com/c/belt-bags-and-fanny-packs,Scheels product taxonomy name: Belt Bags & Fanny Packs (Accessories > Belt Bags & Fanny Packs)
Scheels,Backpacks & Bags,Accessories,Luggage & Travel,,,,,232,2,accessories-luggage-travel,"Scheels live, 25 Sep 2026",Category,0,No,Scheels site menu,Site menu + category page,https://www.scheels.com/c/luggage-and-travel,
Scheels,Backpacks & Bags,Accessories,Sling & Drawstring Bags,,,,,46,2,accessories-sling-drawstring-bags,"Scheels live, 25 Sep 2026",Category,0,No,Scheels site menu,Site menu + category page,https://www.scheels.com/c/sling-bags-and-drawstring-bags,Scheels product taxonomy name: Sling Bags & Drawstring Bags (Accessories > Backpacks & Duffel Bags > Sling Bags & Drawstring Bags); Same page as Backpacks & Duffels > Sling & Sack Packs
Scheels,Hydration & Drinkware,Home & Yard,,,,,,13332,1,home-yard,"Scheels live, 25 Sep 2026",Department (parent of scope),1,No,Scheels site menu,Site menu,https://www.scheels.com/c/home-and-yard,
Scheels,Hydration & Drinkware,Home & Yard,Drinkware,,,,,1803,2,drinkware,"Scheels live, 25 Sep 2026",Category,11,No,Scheels site menu,Site menu + category page,https://www.scheels.com/c/drinkware,"Scheels also lists this same Drinkware tree under Fitness, Sports & Outdoors > Drinkware (adds Shot Glasses to the menu)"
Scheels,Hydration & Drinkware,Home & Yard,Drinkware,Can Coolers,,,,333,3,can-coolers,"Scheels live, 25 Sep 2026",Category,0,No,Scheels site menu,Site menu + category page,https://www.scheels.com/c/can-coolers,
Scheels,Hydration & Drinkware,Home & Yard,Drinkware,Drinkware Accessories,,,,146,3,drinkware-accessories,"Scheels live, 25 Sep 2026",Category,9,No,Scheels site menu,Site menu + category page,https://www.scheels.com/c/drinkware-accessories,
Scheels,Hydration & Drinkware,Home & Yard,Drinkware,Drinkware Accessories,Bar Mats,,,3,4,bar-mats,"Scheels live, 25 Sep 2026",Category,0,No,Scheels site menu,Site menu + category page,https://www.scheels.com/c/bar-mats,
Scheels,Hydration & Drinkware,Home & Yard,Drinkware,Drinkware Accessories,Bottle Openers,,,59,4,bottle-openers,"Scheels live, 25 Sep 2026",Category,0,No,Scheels site menu,Site menu + category page,https://www.scheels.com/c/bottle-openers,
Scheels,Hydration & Drinkware,Home & Yard,Drinkware,Drinkware Accessories,Cleaning Supplies,,,4,4,drinkware-cleaning-supplies,"Scheels live, 25 Sep 2026",Category,0,No,Scheels site menu,Site menu + category page,https://www.scheels.com/c/drinkware-cleaning-supplies,Scheels product taxonomy name: Drinkware Cleaning Supplies (Home & Yard > Drinkware > Drinkware Accessories > Drinkware Cleaning Supplies)
Scheels,Hydration & Drinkware,Home & Yard,Drinkware,Drinkware Accessories,Coasters,,,26,4,drink-coasters,"Scheels live, 25 Sep 2026",Category,0,No,Scheels site menu,Site menu + category page,https://www.scheels.com/c/drink-coasters,Scheels product taxonomy name: Drink Coasters (Home & Yard > Drinkware > Drinkware Accessories > Drink Coasters)
Scheels,Hydration & Drinkware,Home & Yard,Drinkware,Drinkware Accessories,Handles & Cup Holders,,,2,4,drinkware-handles-and-cup-holders,"Scheels live, 25 Sep 2026",Category,0,No,Scheels site menu,Site menu + category page,https://www.scheels.com/c/drinkware-handles-and-cup-holders,Scheels product taxonomy name: Drinkware Handles & Cup Holders (Home & Yard > Drinkware > Drinkware Accessories > Drinkware Handles & Cup Holders)
Scheels,Hydration & Drinkware,Home & Yard,Drinkware,Drinkware Accessories,Holders & Sleeves,,,7,4,drinkware-holders-and-sleeves,"Scheels live, 25 Sep 2026",Category,0,No,Scheels site menu,Site menu + category page,https://www.scheels.com/c/drinkware-holders-and-sleeves,Scheels product taxonomy name: Drinkware Holders & Sleeves (Home & Yard > Drinkware > Drinkware Accessories > Drinkware Holders & Sleeves)
Scheels,Hydration & Drinkware,Home & Yard,Drinkware,Drinkware Accessories,Ice Cube Trays,,,12,4,ice-cube-trays,"Scheels live, 25 Sep 2026",Category,0,No,Scheels site menu,Site menu + category page,https://www.scheels.com/c/ice-cube-trays,
Scheels,Hydration & Drinkware,Home & Yard,Drinkware,Drinkware Accessories,Lids,,,18,4,drinkware-lids,"Scheels live, 25 Sep 2026",Category,0,No,Scheels site menu,Site menu + category page,https://www.scheels.com/c/drinkware-lids,Scheels product taxonomy name: Drinkware Lids (Home & Yard > Drinkware > Drinkware Accessories > Drinkware Lids)
Scheels,Hydration & Drinkware,Home & Yard,Drinkware,Drinkware Accessories,Straws,,,10,4,drinkware-straws,"Scheels live, 25 Sep 2026",Category,0,No,Scheels site menu,Site menu + category page,https://www.scheels.com/c/drinkware-straws,Scheels product taxonomy name: Drinkware Straws (Home & Yard > Drinkware > Drinkware Accessories > Drinkware Straws)
Scheels,Hydration & Drinkware,Home & Yard,Drinkware,Flasks,,,,13,3,flasks,"Scheels live, 25 Sep 2026",Category,0,No,Scheels site menu,Site menu + category page,https://www.scheels.com/c/flasks,
Scheels,Hydration & Drinkware,Home & Yard,Drinkware,Mugs & Cups,,,,71,3,mugs-cups,"Scheels live, 25 Sep 2026",Category,0,No,Scheels site menu,Site menu + category page,https://www.scheels.com/c/mugs-and-cups,
Scheels,Hydration & Drinkware,Home & Yard,Drinkware,Pint Glasses,,,,181,3,pint-glasses,"Scheels live, 25 Sep 2026",Category,0,No,Scheels site menu,Site menu + category page,https://www.scheels.com/c/pint-glasses,
Scheels,Hydration & Drinkware,Home & Yard,Drinkware,Shaker Bottles,,,,58,3,shaker-bottles,"Scheels live, 25 Sep 2026",Category,0,No,Scheels site menu,Site menu + category page,https://www.scheels.com/c/shaker-bottles,
Scheels,Hydration & Drinkware,Home & Yard,Drinkware,Shot Glasses,,,,75,3,shot-glasses,"Scheels live, 25 Sep 2026",Category,0,No,Scheels product taxonomy,Product taxonomy (not in menu) + category page,https://www.scheels.com/c/shot-glasses,Live category page that the Scheels menu does not link to
Scheels,Hydration & Drinkware,Home & Yard,Drinkware,Tumblers,,,,804,3,tumblers,"Scheels live, 25 Sep 2026",Category,0,No,Scheels site menu,Site menu + category page,https://www.scheels.com/c/tumblers,
Scheels,Hydration & Drinkware,Home & Yard,Drinkware,Water Bottles,,,,94,3,water-bottles,"Scheels live, 25 Sep 2026",Category,0,No,Scheels site menu,Site menu + category page,https://www.scheels.com/c/water-bottles,
Scheels,Hydration & Drinkware,Home & Yard,Drinkware,Water Coolers & Jugs,,,,26,3,water-coolers-and-jugs,"Scheels live, 25 Sep 2026",Category,0,No,Scheels site menu,Site menu + category page,https://www.scheels.com/c/water-coolers-and-jugs,
Scheels,Hydration & Drinkware,Home & Yard,Drinkware,Wine Glasses & Tumblers,,,,2,3,wine-glasses-and-tumblers,"Scheels live, 25 Sep 2026",Category,0,No,Scheels site menu,Site menu + category page,https://www.scheels.com/c/wine-glasses-and-tumblers,
Michaels,Labels & Packaging Accessories,Baking & Kitchen,,,,,,,1,845009276,,Department (parent of scope),1,No,Michaels category taxonomy,Parent of scope,https://www.michaels.com/shop/baking-kitchen,
Michaels,Labels & Packaging Accessories,Baking & Kitchen,Packaging & Display,,,,,1073,2,809188274,"Michaels live, 25 Sep 2026",Department (parent of scope),1,No,Michaels category taxonomy,Parent of scope,https://www.michaels.com/shop/baking-kitchen/packaging-display,
Michaels,Labels & Packaging Accessories,Baking & Kitchen,Packaging & Display,Packaging Accessories,,,,42,3,809188282,"Michaels live, 25 Sep 2026",Category,0,No,Michaels category taxonomy,Category taxonomy + category page,https://www.michaels.com/shop/baking-kitchen/packaging-display/packaging-accessories,
Michaels,Labels & Packaging Accessories,Craft Machines,,,,,,,1,20000802,,Department (parent of scope),1,No,Michaels category taxonomy,Parent of scope,https://www.michaels.com/shop/craft-machines,
Michaels,Labels & Packaging Accessories,Craft Machines,Label Makers,,,,,129,2,20001254,"Michaels live, 25 Sep 2026",Category,1,No,Michaels category taxonomy,Category taxonomy + category page,https://www.michaels.com/shop/craft-machines/label-makers,
Michaels,Labels & Packaging Accessories,Craft Machines,Label Makers,Label Maker Accessories,,,,102,3,20003051,"Michaels live, 25 Sep 2026",Category,0,No,Michaels category taxonomy,Category taxonomy + category page,https://www.michaels.com/shop/craft-machines/label-makers/label-maker-accessories,
Michaels,Labels & Packaging Accessories / Planning & Craft Organization,Office Supplies,,,,,,,1,,,Department (parent of scope),2,No,Michaels page breadcrumb,Parent of scope,https://www.michaels.com/shop/office-supplies,
Michaels,Planning & Craft Organization,Office Supplies,Calendars & Planners,,,,,991,2,20001810,"Michaels live, 25 Sep 2026",Category,3,No,Michaels category taxonomy,Category taxonomy + category page,https://www.michaels.com/shop/office-supplies/calendars-planners,
Michaels,Planning & Craft Organization,Office Supplies,Calendars & Planners,Desk Calendars,,,,140,3,20001811,"Michaels live, 25 Sep 2026",Category,0,No,Michaels category taxonomy,Category taxonomy + category page,https://www.michaels.com/shop/office-supplies/calendars-planners/desk-calendars,
Michaels,Planning & Craft Organization,Office Supplies,Calendars & Planners,Planners,,,,180,3,,"Michaels live, 25 Sep 2026",Category,0,No,Michaels site menu,Site menu,https://www.michaels.com/shop/office-supplies/calendars-planners/planners,Linked from the Michaels menu; not in the page taxonomy payload
Michaels,Planning & Craft Organization,Office Supplies,Calendars & Planners,Wall Calendars,,,,638,3,20001812,"Michaels live, 25 Sep 2026",Category,0,No,Michaels category taxonomy,Category taxonomy + category page,https://www.michaels.com/shop/office-supplies/calendars-planners/wall-calendars,
Michaels,Labels & Packaging Accessories,Office Supplies,Packing & Shipping,,,,,1212,2,832737020,"Michaels live, 25 Sep 2026",Category,5,No,Michaels category taxonomy,Category taxonomy + category page,https://www.michaels.com/shop/office-supplies/packing-shipping,
Michaels,Labels & Packaging Accessories,Office Supplies,Packing & Shipping,Boxes,,,,646,3,20002951,"Michaels live, 25 Sep 2026",Category,0,No,Michaels category taxonomy,Category taxonomy + category page,https://www.michaels.com/shop/office-supplies/packing-shipping/boxes,
Michaels,Labels & Packaging Accessories,Office Supplies,Packing & Shipping,Envelopes,,,,64,3,20002364,"Michaels live, 25 Sep 2026",Category,0,No,Michaels category taxonomy,Category taxonomy + category page,https://www.michaels.com/shop/office-supplies/packing-shipping/envelopes,
Michaels,Labels & Packaging Accessories,Office Supplies,Packing & Shipping,Mailers,,,,207,3,20002895,"Michaels live, 25 Sep 2026",Category,0,No,Michaels category taxonomy,Category taxonomy + category page,https://www.michaels.com/shop/office-supplies/packing-shipping/mailers,
Michaels,Labels & Packaging Accessories,Office Supplies,Packing & Shipping,Mailing Labels,,,,156,3,20002579,"Michaels live, 25 Sep 2026",Category,0,No,Michaels category taxonomy,Category taxonomy + category page,https://www.michaels.com/shop/office-supplies/packing-shipping/mailing-labels,
Michaels,Labels & Packaging Accessories,Office Supplies,Packing & Shipping,Packing Supplies,,,,46,3,20002366,"Michaels live, 25 Sep 2026",Category,0,No,Michaels category taxonomy,Category taxonomy + category page,https://www.michaels.com/shop/office-supplies/packing-shipping/packing-supplies,
Michaels,Labels & Packaging Accessories / Planning & Craft Organization,Papercraft,,,,,,,1,809188524,,Department (parent of scope),2,No,Michaels category taxonomy,Parent of scope,https://www.michaels.com/shop/papercraft,
Michaels,Planning & Craft Organization,Papercraft,Planners,,,,,,2,809188563,,Landing page,8,No,Michaels category taxonomy,Category taxonomy + category page,https://www.michaels.com/shop/papercraft/planners,"Landing page (category tiles, no product grid)"
Michaels,Planning & Craft Organization,Papercraft,Planners,Calendars,,,,638,3,20001674,"Michaels live, 25 Sep 2026",Category,0,No,Michaels category taxonomy,Category taxonomy + category page,https://www.michaels.com/shop/papercraft/planners/calendars,Page breadcrumb files it under: Office Supplies > Calendars Planners > Wall Calendars
Michaels,Planning & Craft Organization,Papercraft,Planners,Collections,,,,30,3,20000908,"Michaels live, 25 Sep 2026",Category,0,No,Michaels category taxonomy,Category taxonomy + category page,https://www.michaels.com/shop/papercraft/planners/collections,
Michaels,Planning & Craft Organization,Papercraft,Planners,Journals & Notebooks,,,,247,3,20000912,"Michaels live, 25 Sep 2026",Category,0,No,Michaels category taxonomy,Category taxonomy + category page,https://www.michaels.com/shop/papercraft/planners/journals-notebooks,Page breadcrumb files it under: Art Supplies > Paper Drawing Pads > Journals
Michaels,Planning & Craft Organization,Papercraft,Planners,Monthly Planners,,,,113,3,20002134,"Michaels live, 25 Sep 2026",Category,0,No,Michaels category taxonomy,Category taxonomy + category page,https://www.michaels.com/shop/papercraft/planners/monthly-planners,
Michaels,Planning & Craft Organization,Papercraft,Planners,Specialized Planners,,,,896,3,20002642,"Michaels live, 25 Sep 2026",Category,7,No,Michaels category taxonomy,Category taxonomy + category page,https://www.michaels.com/shop/papercraft/planners/specialized-planners,
Michaels,Planning & Craft Organization,Papercraft,Planners,Specialized Planners,Academic Year Planners,,,755,4,20002645,"Michaels live, 25 Sep 2026",Category,0,No,Michaels category taxonomy,Category taxonomy + category page,https://www.michaels.com/shop/papercraft/planners/specialized-planners/academic-year-planners,
Michaels,Planning & Craft Organization,Papercraft,Planners,Specialized Planners,Faith & Self-Improvement Planners,,,1,4,20002648,"Michaels live, 25 Sep 2026",Category,0,No,Michaels category taxonomy,Category taxonomy + category page,https://www.michaels.com/shop/papercraft/planners/specialized-planners/faith-self-improvement-planners,
Michaels,Planning & Craft Organization,Papercraft,Planners,Specialized Planners,Fitness Planners,,,2,4,20002643,"Michaels live, 25 Sep 2026",Category,0,No,Michaels category taxonomy,Category taxonomy + category page,https://www.michaels.com/shop/papercraft/planners/specialized-planners/fitness-planners,
Michaels,Planning & Craft Organization,Papercraft,Planners,Specialized Planners,Hourly Planners,,,2,4,20002647,"Michaels live, 25 Sep 2026",Category,0,No,Michaels category taxonomy,Category taxonomy + category page,https://www.michaels.com/shop/papercraft/planners/specialized-planners/hourly-planners,
Michaels,Planning & Craft Organization,Papercraft,Planners,Specialized Planners,Recipe & Meal Planning,,,12,4,20002252,"Michaels live, 25 Sep 2026",Category,0,No,Michaels category taxonomy,Category taxonomy + category page,https://www.michaels.com/shop/papercraft/planners/specialized-planners/recipe-meal-planning,
Michaels,Planning & Craft Organization,Papercraft,Planners,Specialized Planners,Teacher Planners,,,73,4,1406472170,"Michaels live, 25 Sep 2026",Category,0,No,Michaels category taxonomy,Category taxonomy + category page,https://www.michaels.com/shop/papercraft/planners/specialized-planners/teacher-planners,
Michaels,Planning & Craft Organization,Papercraft,Planners,Specialized Planners,Wedding Planners,,,25,4,20002646,"Michaels live, 25 Sep 2026",Category,0,No,Michaels category taxonomy,Category taxonomy + category page,https://www.michaels.com/shop/papercraft/planners/specialized-planners/wedding-planners,
Michaels,Planning & Craft Organization,Papercraft,Planners,Stickers & Accessories,,,,4412,3,809188565,"Michaels live, 25 Sep 2026",Category,0,No,Michaels category taxonomy,Category taxonomy + category page,https://www.michaels.com/shop/papercraft/planners/stickers-accessories,
Michaels,Planning & Craft Organization,Papercraft,Planners,The Happy Planner,,,,194,3,865290304,"Michaels live, 25 Sep 2026",Category,3,No,Michaels category taxonomy,Category taxonomy + category page,https://www.michaels.com/shop/papercraft/planners/the-happy-planner,
Michaels,Planning & Craft Organization,Papercraft,Planners,The Happy Planner,Calendars,,,168,4,20002162,"Michaels live, 25 Sep 2026",Category,0,No,Michaels category taxonomy,Category taxonomy + category page,https://www.michaels.com/shop/papercraft/planners/the-happy-planner/calendars,
Michaels,Planning & Craft Organization,Papercraft,Planners,The Happy Planner,Companion Accessories,,,161,4,955840111,"Michaels live, 25 Sep 2026",Category,0,No,Michaels category taxonomy,Category taxonomy + category page,https://www.michaels.com/shop/papercraft/planners/the-happy-planner/companion-accessories,
Michaels,Planning & Craft Organization,Papercraft,Planners,The Happy Planner,Planner Books,,,32,4,955839071,"Michaels live, 25 Sep 2026",Category,2,No,Michaels category taxonomy,Category taxonomy + category page,https://www.michaels.com/shop/papercraft/planners/the-happy-planner/planner-books,
Michaels,Planning & Craft Organization,Papercraft,Planners,The Happy Planner,Planner Books,Big Planners,,7,5,955847001,"Michaels live, 25 Sep 2026",Category,0,No,Michaels category taxonomy,Category taxonomy + category page,https://www.michaels.com/shop/papercraft/planners/the-happy-planner/planner-books/big-planners,
Michaels,Planning & Craft Organization,Papercraft,Planners,The Happy Planner,Planner Books,Classic Planners,,16,5,955843679,"Michaels live, 25 Sep 2026",Category,0,No,Michaels category taxonomy,Category taxonomy + category page,https://www.michaels.com/shop/papercraft/planners/the-happy-planner/planner-books/classic-planners,
Michaels,Planning & Craft Organization,Papercraft,Planners,Weekly Planners,,,,277,3,20002133,"Michaels live, 25 Sep 2026",Category,0,No,Michaels category taxonomy,Category taxonomy + category page,https://www.michaels.com/shop/papercraft/planners/weekly-planners,
Michaels,Labels & Packaging Accessories,Papercraft,Stickers,,,,,9822,2,20002107,"Michaels live, 25 Sep 2026",Department (parent of scope),1,No,Michaels category taxonomy,Parent of scope,https://www.michaels.com/shop/papercraft/stickers,
Michaels,Labels & Packaging Accessories,Papercraft,Stickers,Organization & Labels,,,,126,3,20002115,"Michaels live, 25 Sep 2026",Category,0,No,Michaels category taxonomy,Category taxonomy + category page,https://www.michaels.com/shop/papercraft/stickers/organization-labels,
Michaels,Planning & Craft Organization,Storage,,,,,,,1,917100822,,Department (parent of scope),7,No,Michaels category taxonomy,Parent of scope,https://www.michaels.com/shop/storage,
Michaels,Planning & Craft Organization,Storage,Art Storage,,,,,46,2,917101369,"Michaels live, 25 Sep 2026",Category,0,No,Michaels category taxonomy,Category taxonomy + category page,https://www.michaels.com/shop/storage/art-storage,
Michaels,Planning & Craft Organization,Storage,Bead and Jewelry Storage,,,,,24,2,917102836,"Michaels live, 25 Sep 2026",Category,0,No,Michaels category taxonomy,Category taxonomy + category page,https://www.michaels.com/shop/storage/bead-jewelry-storage,Page breadcrumb files it under: Storage > Bead Jewelry Storage
Michaels,Planning & Craft Organization,Storage,Craft Storage,,,,,2051,2,809188640,"Michaels live, 25 Sep 2026",Category,10,No,Michaels category taxonomy,Category taxonomy + category page,https://www.michaels.com/shop/storage/craft-storage,
Michaels,Planning & Craft Organization,Storage,Craft Storage,Binders & Storage Bags,,,,930,3,20002145,"Michaels live, 25 Sep 2026",Category,0,No,Michaels category taxonomy,Category taxonomy + category page,https://www.michaels.com/shop/storage/craft-storage/binders-storage-bags,
Michaels,Planning & Craft Organization,Storage,Craft Storage,Carts & Drawer Units,,,,56,3,809188644,"Michaels live, 25 Sep 2026",Category,0,No,Michaels category taxonomy,Category taxonomy + category page,https://www.michaels.com/shop/storage/craft-storage/carts-drawer-units,
Michaels,Planning & Craft Organization,Storage,Craft Storage,Craft Machine & Vinyl Storage,,,,2,3,20001006,"Michaels live, 25 Sep 2026",Category,0,No,Michaels category taxonomy,Category taxonomy + category page,https://www.michaels.com/shop/storage/craft-storage/craft-machine-vinyl-storage,
Michaels,Planning & Craft Organization,Storage,Craft Storage,Craft Room Furniture,,,,86,3,809188643,"Michaels live, 25 Sep 2026",Category,0,No,Michaels category taxonomy,Category taxonomy + category page,https://www.michaels.com/shop/storage/craft-storage/craft-room-furniture,Page breadcrumb files it under: Storage > Modular Storage
Michaels,Planning & Craft Organization,Storage,Craft Storage,Photo Storage,,,,40,3,809188641,"Michaels live, 25 Sep 2026",Category,0,No,Michaels category taxonomy,Category taxonomy + category page,https://www.michaels.com/shop/storage/craft-storage/photo-storage,
Michaels,Planning & Craft Organization,Storage,Craft Storage,Plastic Organizers,,,,283,3,809188647,"Michaels live, 25 Sep 2026",Category,0,No,Michaels category taxonomy,Category taxonomy + category page,https://www.michaels.com/shop/storage/craft-storage/plastic-organizers,
Michaels,Planning & Craft Organization,Storage,Craft Storage,Rolling Bags,,,,114,3,809188645,"Michaels live, 25 Sep 2026",Category,0,No,Michaels category taxonomy,Category taxonomy + category page,https://www.michaels.com/shop/storage/craft-storage/rolling-bags,
Michaels,Planning & Craft Organization,Storage,Craft Storage,Scrapbooking Storage,,,,90,3,20002361,"Michaels live, 25 Sep 2026",Category,0,No,Michaels category taxonomy,Category taxonomy + category page,https://www.michaels.com/shop/storage/craft-storage/scrapbooking-storage,
Michaels,Planning & Craft Organization,Storage,Craft Storage,Soft Storage,,,,30,3,809188646,"Michaels live, 25 Sep 2026",Category,0,No,Michaels category taxonomy,Category taxonomy + category page,https://www.michaels.com/shop/storage/craft-storage/soft-storage,
Michaels,Planning & Craft Organization,Storage,Craft Storage,Storage Bottles & Jars,,,,295,3,20003287,"Michaels live, 25 Sep 2026",Category,0,No,Michaels category taxonomy,Category taxonomy + category page,https://www.michaels.com/shop/storage/craft-storage/storage-bottles-jars,
Michaels,Planning & Craft Organization,Storage,Kids Art Storage,,,,,14,2,917103209,"Michaels live, 25 Sep 2026",Category,0,No,Michaels category taxonomy,Category taxonomy + category page,https://www.michaels.com/shop/storage/kids-art-storage,
Michaels,Planning & Craft Organization,Storage,Office Organization and Storage,,,,,698,2,921618748,"Michaels live, 25 Sep 2026",Category,0,No,Michaels category taxonomy,Category taxonomy + category page,https://www.michaels.com/shop/storage/office-organization-storage,Page breadcrumb files it under: Storage > Office Organization Storage
Michaels,Planning & Craft Organization,Storage,Sewing Baskets & Organization,,,,,16,2,20003826,"Michaels live, 25 Sep 2026",Category,0,No,Michaels category taxonomy,Category taxonomy + category page,https://www.michaels.com/shop/storage/sewing-baskets-organization,
Michaels,Planning & Craft Organization,Storage,Yarn Storage,,,,,212,2,20003496,"Michaels live, 25 Sep 2026",Category,0,No,Michaels category taxonomy,Category taxonomy + category page,https://www.michaels.com/shop/storage/yarn-storage,Page breadcrumb files it under: Yarn Needlework > Storage Organization
Michaels,Labels & Packaging Accessories,The Party Shop,,,,,,,1,809188719,,Department (parent of scope),1,No,Michaels category taxonomy,Parent of scope,https://www.michaels.com/shop/party,
Michaels,Labels & Packaging Accessories,The Party Shop,Gift Packaging,,,,,3366,2,832736986,"Michaels live, 25 Sep 2026",Department (parent of scope),1,No,Michaels category taxonomy,Parent of scope,https://www.michaels.com/shop/party/gift-packaging,
Michaels,Labels & Packaging Accessories,The Party Shop,Gift Packaging,Gift Packaging Accessories,,,,74,3,832736997,"Michaels live, 25 Sep 2026",Category,0,No,Michaels category taxonomy,Category taxonomy + category page,https://www.michaels.com/shop/party/gift-packaging/gift-packaging-accessories,Page breadcrumb files it under: Party > Gift Packaging > Gift Packaging Accessories
